tb,cqi,mcs,ack,offset_db,d_offset,expect_d
0,12,22,0,0.000,0.000,0.000
1,9,14,1,-0.900,-0.900,-0.900
2,11,19,1,-0.800,0.100,0.100
3,12,20,0,-0.700,0.100,0.100
4,10,15,1,-1.600,-0.900,-0.900
5,11,18,1,-1.500,0.100,0.100
6,15,26,0,-1.400,0.100,0.100
7,10,14,1,-2.300,-0.900,-0.900
8,9,12,1,-2.200,0.100,0.100
9,9,12,1,-2.100,0.100,0.100
10,5,3,1,-2.000,0.100,0.100
11,5,4,1,-1.900,0.100,0.100
12,4,3,1,-1.800,0.100,0.100
13,4,3,1,-1.700,0.100,0.100
14,4,3,1,-1.600,0.100,0.100
15,4,3,1,-1.500,0.100,0.100
16,4,3,1,-1.400,0.100,0.100
17,7,8,1,-1.300,0.100,0.100
18,7,8,1,-1.200,0.100,0.100
19,9,14,0,-1.100,0.100,0.100
20,7,7,1,-2.000,-0.900,-0.900
21,9,12,1,-1.900,0.100,0.100
22,10,14,1,-1.800,0.100,0.100
23,10,14,0,-1.700,0.100,0.100
24,7,7,1,-2.600,-0.900,-0.900
25,6,5,1,-2.500,0.100,0.100
26,5,3,1,-2.400,0.100,0.100
27,5,3,1,-2.300,0.100,0.100
28,5,3,1,-2.200,0.100,0.100
29,6,5,1,-2.100,0.100,0.100
30,7,7,1,-2.000,0.100,0.100
31,8,11,1,-1.900,0.100,0.100
32,7,7,1,-1.800,0.100,0.100
33,5,4,1,-1.700,0.100,0.100
34,9,13,1,-1.600,0.100,0.100
35,11,18,0,-1.500,0.100,0.100
36,11,16,1,-2.400,-0.900,-0.900
37,11,16,1,-2.300,0.100,0.100
38,14,23,1,-2.200,0.100,0.100
39,13,21,1,-2.100,0.100,0.100
40,13,22,1,-2.000,0.100,0.100
41,14,24,1,-1.900,0.100,0.100
42,15,26,1,-1.800,0.100,0.100
43,15,26,1,-1.700,0.100,0.100
44,15,26,1,-1.600,0.100,0.100
45,15,26,1,-1.500,0.100,0.100
46,15,26,1,-1.400,0.100,0.100
47,15,26,1,-1.300,0.100,0.100
48,15,26,1,-1.200,0.100,0.100
49,15,26,1,-1.100,0.100,0.100
50,15,26,1,-1.000,0.100,0.100
51,15,26,1,-0.900,0.100,0.100
52,15,26,1,-0.800,0.100,0.100
53,15,27,1,-0.700,0.100,0.100
54,15,27,0,-0.600,0.100,0.100
55,12,20,1,-1.500,-0.900,-0.900
56,13,22,1,-1.400,0.100,0.100
57,13,22,1,-1.300,0.100,0.100
58,13,22,1,-1.200,0.100,0.100
59,13,22,1,-1.100,0.100,0.100
60,15,26,1,-1.000,0.100,0.100
61,15,26,1,-0.900,0.100,0.100
62,15,26,1,-0.800,0.100,0.100
63,13,22,1,-0.700,0.100,0.100
64,12,20,1,-0.600,0.100,0.100
65,13,23,1,-0.500,0.100,0.100
66,15,27,0,-0.400,0.100,0.100
67,15,26,1,-1.300,-0.900,-0.900
68,15,26,0,-1.200,0.100,0.100
69,14,23,1,-2.100,-0.900,-0.900
70,15,25,1,-2.000,0.100,0.100
71,15,26,1,-1.900,0.100,0.100
72,15,26,1,-1.800,0.100,0.100
73,15,26,1,-1.700,0.100,0.100
74,15,26,0,-1.600,0.100,0.100
75,11,16,1,-2.500,-0.900,-0.900
76,11,16,1,-2.400,0.100,0.100
77,13,21,1,-2.300,0.100,0.100
78,13,21,1,-2.200,0.100,0.100
79,13,21,1,-2.100,0.100,0.100
80,14,23,1,-2.000,0.100,0.100
81,14,24,1,-1.900,0.100,0.100
82,15,26,1,-1.800,0.100,0.100
83,15,26,1,-1.700,0.100,0.100
84,13,22,1,-1.600,0.100,0.100
85,15,26,1,-1.500,0.100,0.100
86,15,26,1,-1.400,0.100,0.100
87,15,26,1,-1.300,0.100,0.100
88,14,24,0,-1.200,0.100,0.100
89,10,14,1,-2.100,-0.900,-0.900
90,11,18,1,-2.000,0.100,0.100
91,13,22,1,-1.900,0.100,0.100
92,12,19,1,-1.800,0.100,0.100
93,11,18,1,-1.700,0.100,0.100
94,10,15,1,-1.600,0.100,0.100
95,10,15,1,-1.500,0.100,0.100
96,8,11,1,-1.400,0.100,0.100
97,9,13,0,-1.300,0.100,0.100
98,6,5,1,-2.200,-0.900,-0.900
99,6,5,1,-2.100,0.100,0.100
100,6,5,1,-2.000,0.100,0.100
101,6,5,1,-1.900,0.100,0.100
102,8,11,1,-1.800,0.100,0.100
103,9,13,0,-1.700,0.100,0.100
104,10,14,1,-2.600,-0.900,-0.900
105,10,14,1,-2.500,0.100,0.100
106,12,19,1,-2.400,0.100,0.100
107,13,21,1,-2.300,0.100,0.100
108,15,25,1,-2.200,0.100,0.100
109,14,23,1,-2.100,0.100,0.100
110,14,23,1,-2.000,0.100,0.100
111,13,22,1,-1.900,0.100,0.100
112,13,22,0,-1.800,0.100,0.100
113,10,14,1,-2.700,-0.900,-0.900
114,10,14,1,-2.600,0.100,0.100
115,9,12,1,-2.500,0.100,0.100
116,7,7,1,-2.400,0.100,0.100
117,6,5,1,-2.300,0.100,0.100
118,6,5,1,-2.200,0.100,0.100
119,7,7,1,-2.100,0.100,0.100
120,9,12,1,-2.000,0.100,0.100
121,9,12,1,-1.900,0.100,0.100
122,10,14,1,-1.800,0.100,0.100
123,13,22,1,-1.700,0.100,0.100
124,14,24,0,-1.600,0.100,0.100
125,12,19,1,-2.500,-0.900,-0.900
126,12,19,1,-2.400,0.100,0.100
127,12,19,1,-2.300,0.100,0.100
128,12,19,1,-2.200,0.100,0.100
129,13,21,1,-2.100,0.100,0.100
130,14,23,1,-2.000,0.100,0.100
131,12,19,1,-1.900,0.100,0.100
132,11,18,1,-1.800,0.100,0.100
133,10,14,1,-1.700,0.100,0.100
134,8,11,1,-1.600,0.100,0.100
135,10,15,1,-1.500,0.100,0.100
136,11,18,1,-1.400,0.100,0.100
137,10,15,1,-1.300,0.100,0.100
138,7,8,1,-1.200,0.100,0.100
139,7,8,1,-1.100,0.100,0.100
140,8,12,1,-1.000,0.100,0.100
141,8,12,1,-0.900,0.100,0.100
142,6,7,1,-0.800,0.100,0.100
143,6,7,1,-0.700,0.100,0.100
144,6,7,0,-0.600,0.100,0.100
145,3,3,1,-1.500,-0.900,-0.900
146,4,3,1,-1.400,0.100,0.100
147,0,3,1,-1.300,0.100,0.100
148,4,3,1,-1.200,0.100,0.100
149,4,3,1,-1.100,0.100,0.100
150,5,5,1,-1.000,0.100,0.100
151,6,7,0,-0.900,0.100,0.100
152,7,7,1,-1.800,-0.900,-0.900
153,8,11,1,-1.700,0.100,0.100
154,10,15,1,-1.600,0.100,0.100
155,11,18,1,-1.500,0.100,0.100
156,12,20,1,-1.400,0.100,0.100
157,11,18,1,-1.300,0.100,0.100
158,12,20,1,-1.200,0.100,0.100
159,12,20,0,-1.100,0.100,0.100
160,12,19,0,-2.000,-0.900,-0.900
161,8,9,1,-2.900,-0.900,-0.900
162,6,5,1,-2.800,0.100,0.100
163,8,10,1,-2.700,0.100,0.100
164,7,7,1,-2.600,0.100,0.100
165,7,7,1,-2.500,0.100,0.100
166,8,10,1,-2.400,0.100,0.100
167,7,7,1,-2.300,0.100,0.100
168,11,17,1,-2.200,0.100,0.100
169,10,14,1,-2.100,0.100,0.100
170,9,12,0,-2.000,0.100,0.100
171,4,3,1,-2.900,-0.900,-0.900
172,6,5,1,-2.800,0.100,0.100
173,6,5,1,-2.700,0.100,0.100
174,7,7,1,-2.600,0.100,0.100
175,8,10,1,-2.500,0.100,0.100
176,8,10,1,-2.400,0.100,0.100
177,5,3,1,-2.300,0.100,0.100
178,7,7,1,-2.200,0.100,0.100
179,6,5,1,-2.100,0.100,0.100
180,5,3,1,-2.000,0.100,0.100
181,5,4,1,-1.900,0.100,0.100
182,6,5,1,-1.800,0.100,0.100
183,6,6,1,-1.700,0.100,0.100
184,8,11,0,-1.600,0.100,0.100
185,5,3,1,-2.500,-0.900,-0.900
186,4,3,1,-2.400,0.100,0.100
187,3,3,1,-2.300,0.100,0.100
188,5,3,1,-2.200,0.100,0.100
189,6,5,1,-2.100,0.100,0.100
190,10,14,1,-2.000,0.100,0.100
191,10,14,1,-1.900,0.100,0.100
192,10,14,1,-1.800,0.100,0.100
193,7,7,1,-1.700,0.100,0.100
194,10,15,1,-1.600,0.100,0.100
195,10,15,1,-1.500,0.100,0.100
196,11,18,0,-1.400,0.100,0.100
197,14,23,1,-2.300,-0.900,-0.900
198,13,21,0,-2.200,0.100,0.100
199,11,16,1,-3.100,-0.900,-0.900
200,9,11,1,-3.000,0.100,0.100
201,11,16,1,-2.900,0.100,0.100
202,12,18,1,-2.800,0.100,0.100
203,12,18,1,-2.700,0.100,0.100
204,12,19,0,-2.600,0.100,0.100
205,9,11,1,-3.500,-0.900,-0.900
206,7,6,1,-3.400,0.100,0.100
207,8,8,1,-3.300,0.100,0.100
208,11,16,1,-3.200,0.100,0.100
209,10,13,0,-3.100,0.100,0.100
210,5,3,1,-4.000,-0.900,-0.900
211,4,3,0,-3.900,0.100,0.100
212,0,3,0,-4.800,-0.900,-0.900
213,0,3,1,-5.700,-0.900,-0.900
214,6,3,1,-5.600,0.100,0.100
215,6,3,1,-5.500,0.100,0.100
216,5,3,1,-5.400,0.100,0.100
217,10,11,1,-5.300,0.100,0.100
218,9,8,1,-5.200,0.100,0.100
219,7,4,1,-5.100,0.100,0.100
220,8,6,1,-5.000,0.100,0.100
221,8,6,1,-4.900,0.100,0.100
222,11,14,1,-4.800,0.100,0.100
223,6,3,1,-4.700,0.100,0.100
224,9,9,1,-4.600,0.100,0.100
225,11,14,1,-4.500,0.100,0.100
226,9,10,1,-4.400,0.100,0.100
227,10,12,1,-4.300,0.100,0.100
228,9,10,1,-4.200,0.100,0.100
229,13,19,1,-4.100,0.100,0.100
230,11,14,1,-4.000,0.100,0.100
231,9,10,1,-3.900,0.100,0.100
232,8,7,1,-3.800,0.100,0.100
233,8,7,1,-3.700,0.100,0.100
234,6,4,1,-3.600,0.100,0.100
235,9,11,1,-3.500,0.100,0.100
236,9,11,1,-3.400,0.100,0.100
237,9,11,1,-3.300,0.100,0.100
238,7,6,1,-3.200,0.100,0.100
239,4,3,1,-3.100,0.100,0.100
240,10,13,1,-3.000,0.100,0.100
241,11,16,1,-2.900,0.100,0.100
242,9,12,1,-2.800,0.100,0.100
243,8,10,1,-2.700,0.100,0.100
244,7,7,1,-2.600,0.100,0.100
245,8,10,1,-2.500,0.100,0.100
246,8,10,1,-2.400,0.100,0.100
247,5,3,1,-2.300,0.100,0.100
248,5,3,1,-2.200,0.100,0.100
249,7,7,1,-2.100,0.100,0.100
250,7,7,1,-2.000,0.100,0.100
251,8,11,1,-1.900,0.100,0.100
252,8,11,0,-1.800,0.100,0.100
253,0,3,0,-2.700,-0.900,-0.900
254,0,3,0,-3.600,-0.900,-0.900
255,0,3,0,-4.500,-0.900,-0.900
256,0,3,0,-5.400,-0.900,-0.900
257,0,3,1,-6.300,-0.900,-0.900
258,0,3,1,-6.200,0.100,0.100
259,0,3,1,-6.100,0.100,0.100
260,3,3,1,-6.000,0.100,0.100
261,5,3,1,-5.900,0.100,0.100
262,7,3,1,-5.800,0.100,0.100
263,7,3,1,-5.700,0.100,0.100
264,0,3,1,-5.600,0.100,0.100
265,0,3,1,-5.500,0.100,0.100
266,3,3,1,-5.400,0.100,0.100
267,3,3,1,-5.300,0.100,0.100
268,0,3,1,-5.200,0.100,0.100
269,3,3,1,-5.100,0.100,0.100
270,4,3,1,-5.000,0.100,0.100
271,0,3,1,-4.900,0.100,0.100
272,4,3,1,-4.800,0.100,0.100
273,6,3,1,-4.700,0.100,0.100
274,4,3,1,-4.600,0.100,0.100
275,6,3,1,-4.500,0.100,0.100
276,6,3,1,-4.400,0.100,0.100
277,5,3,1,-4.300,0.100,0.100
278,5,3,1,-4.200,0.100,0.100
279,5,3,1,-4.100,0.100,0.100
280,7,5,1,-4.000,0.100,0.100
281,5,3,1,-3.900,0.100,0.100
282,4,3,1,-3.800,0.100,0.100
283,4,3,1,-3.700,0.100,0.100
284,5,3,1,-3.600,0.100,0.100
285,8,8,1,-3.500,0.100,0.100
286,7,6,1,-3.400,0.100,0.100
287,8,8,1,-3.300,0.100,0.100
288,5,3,1,-3.200,0.100,0.100
289,7,6,1,-3.100,0.100,0.100
290,7,6,1,-3.000,0.100,0.100
291,8,9,0,-2.900,0.100,0.100
292,6,3,1,-3.800,-0.900,-0.900
293,6,4,1,-3.700,0.100,0.100
294,7,5,1,-3.600,0.100,0.100
295,7,5,1,-3.500,0.100,0.100
296,8,8,1,-3.400,0.100,0.100
297,7,6,1,-3.300,0.100,0.100
298,7,6,1,-3.200,0.100,0.100
299,5,3,1,-3.100,0.100,0.100
300,0,3,1,-3.000,0.100,0.100
301,5,3,1,-2.900,0.100,0.100
302,6,5,1,-2.800,0.100,0.100
303,7,7,1,-2.700,0.100,0.100
304,7,7,1,-2.600,0.100,0.100
305,5,3,1,-2.500,0.100,0.100
306,5,3,1,-2.400,0.100,0.100
307,6,5,1,-2.300,0.100,0.100
308,8,10,1,-2.200,0.100,0.100
309,9,12,1,-2.100,0.100,0.100
310,7,7,1,-2.000,0.100,0.100
311,9,12,1,-1.900,0.100,0.100
312,10,14,1,-1.800,0.100,0.100
313,9,13,1,-1.700,0.100,0.100
314,12,19,1,-1.600,0.100,0.100
315,10,15,1,-1.500,0.100,0.100
316,10,15,1,-1.400,0.100,0.100
317,11,18,1,-1.300,0.100,0.100
318,11,18,1,-1.200,0.100,0.100
319,13,22,0,-1.100,0.100,0.100
320,14,23,1,-2.000,-0.900,-0.900
321,14,24,1,-1.900,0.100,0.100
322,13,22,1,-1.800,0.100,0.100
323,13,22,0,-1.700,0.100,0.100
324,9,12,1,-2.600,-0.900,-0.900
325,10,14,1,-2.500,0.100,0.100
326,8,10,1,-2.400,0.100,0.100
327,10,14,1,-2.300,0.100,0.100
328,11,17,1,-2.200,0.100,0.100
329,10,14,1,-2.100,0.100,0.100
330,11,18,1,-2.000,0.100,0.100
331,13,22,0,-1.900,0.100,0.100
332,10,14,1,-2.800,-0.900,-0.900
333,13,20,1,-2.700,0.100,0.100
334,12,19,1,-2.600,0.100,0.100
335,12,19,1,-2.500,0.100,0.100
336,14,23,1,-2.400,0.100,0.100
337,10,14,1,-2.300,0.100,0.100
338,11,17,1,-2.200,0.100,0.100
339,8,10,1,-2.100,0.100,0.100
340,11,18,0,-2.000,0.100,0.100
341,5,3,1,-2.900,-0.900,-0.900
342,6,5,1,-2.800,0.100,0.100
343,5,3,1,-2.700,0.100,0.100
344,3,3,1,-2.600,0.100,0.100
345,8,10,1,-2.500,0.100,0.100
346,6,5,1,-2.400,0.100,0.100
347,5,3,1,-2.300,0.100,0.100
348,7,7,1,-2.200,0.100,0.100
349,6,5,1,-2.100,0.100,0.100
350,7,7,1,-2.000,0.100,0.100
351,9,12,1,-1.900,0.100,0.100
352,6,5,1,-1.800,0.100,0.100
353,8,11,1,-1.700,0.100,0.100
354,8,11,1,-1.600,0.100,0.100
355,8,11,1,-1.500,0.100,0.100
356,10,15,0,-1.400,0.100,0.100
357,10,14,1,-2.300,-0.900,-0.900
358,8,10,1,-2.200,0.100,0.100
359,9,12,1,-2.100,0.100,0.100
360,7,7,1,-2.000,0.100,0.100
361,11,18,1,-1.900,0.100,0.100
362,9,13,1,-1.800,0.100,0.100
363,11,18,1,-1.700,0.100,0.100
364,10,15,1,-1.600,0.100,0.100
365,10,15,1,-1.500,0.100,0.100
366,11,18,0,-1.400,0.100,0.100
367,7,7,1,-2.300,-0.900,-0.900
368,6,5,1,-2.200,0.100,0.100
369,7,7,1,-2.100,0.100,0.100
370,9,12,1,-2.000,0.100,0.100
371,8,11,0,-1.900,0.100,0.100
372,10,14,1,-2.800,-0.900,-0.900
373,11,16,1,-2.700,0.100,0.100
374,10,14,1,-2.600,0.100,0.100
375,13,21,1,-2.500,0.100,0.100
376,11,16,1,-2.400,0.100,0.100
377,9,12,1,-2.300,0.100,0.100
378,9,12,1,-2.200,0.100,0.100
379,10,14,1,-2.100,0.100,0.100
380,10,14,1,-2.000,0.100,0.100
381,13,22,1,-1.900,0.100,0.100
382,12,19,1,-1.800,0.100,0.100
383,12,19,1,-1.700,0.100,0.100
384,13,22,1,-1.600,0.100,0.100
385,13,22,1,-1.500,0.100,0.100
386,14,24,0,-1.400,0.100,0.100
387,14,23,1,-2.300,-0.900,-0.900
388,13,21,1,-2.200,0.100,0.100
389,14,23,1,-2.100,0.100,0.100
390,13,22,1,-2.000,0.100,0.100
391,15,26,1,-1.900,0.100,0.100
392,15,26,1,-1.800,0.100,0.100
393,15,26,1,-1.700,0.100,0.100
394,15,26,1,-1.600,0.100,0.100
395,15,26,1,-1.500,0.100,0.100
396,15,26,1,-1.400,0.100,0.100
397,15,26,1,-1.300,0.100,0.100
398,15,26,1,-1.200,0.100,0.100
399,15,26,1,-1.100,0.100,0.100
400,15,26,1,-1.000,0.100,0.100
401,15,26,1,-0.900,0.100,0.100
402,15,26,1,-0.800,0.100,0.100
403,15,27,1,-0.700,0.100,0.100
404,15,27,1,-0.600,0.100,0.100
405,15,27,1,-0.500,0.100,0.100
406,14,25,1,-0.400,0.100,0.100
407,15,27,1,-0.300,0.100,0.100
408,15,27,1,-0.200,0.100,0.100
409,15,27,1,-0.100,0.100,0.100
410,14,26,0,0.000,0.100,0.100
411,10,16,1,-0.900,-0.900,-0.900
412,11,19,1,-0.800,0.100,0.100
413,13,22,1,-0.700,0.100,0.100
414,12,20,1,-0.600,0.100,0.100
415,12,21,1,-0.500,0.100,0.100
416,11,19,1,-0.400,0.100,0.100
417,11,19,1,-0.300,0.100,0.100
418,11,19,0,-0.200,0.100,0.100
419,5,5,1,-1.100,-0.900,-0.900
420,8,12,1,-1.000,0.100,0.100
421,8,12,1,-0.900,0.100,0.100
422,10,16,1,-0.800,0.100,0.100
423,10,16,1,-0.700,0.100,0.100
424,10,16,0,-0.600,0.100,0.100
425,6,6,1,-1.500,-0.900,-0.900
426,9,13,1,-1.400,0.100,0.100
427,8,11,1,-1.300,0.100,0.100
428,8,11,1,-1.200,0.100,0.100
429,8,12,0,-1.100,0.100,0.100
430,5,3,1,-2.000,-0.900,-0.900
431,7,7,1,-1.900,0.100,0.100
432,8,11,0,-1.800,0.100,0.100
433,8,10,1,-2.700,-0.900,-0.900
434,7,7,1,-2.600,0.100,0.100
435,5,3,1,-2.500,0.100,0.100
436,9,12,0,-2.400,0.100,0.100
437,7,6,1,-3.300,-0.900,-0.900
438,4,3,1,-3.200,0.100,0.100
439,5,3,1,-3.100,0.100,0.100
440,8,8,1,-3.000,0.100,0.100
441,9,12,0,-2.900,0.100,0.100
442,4,3,1,-3.800,-0.900,-0.900
443,7,5,1,-3.700,0.100,0.100
444,8,8,1,-3.600,0.100,0.100
445,7,5,1,-3.500,0.100,0.100
446,9,11,1,-3.400,0.100,0.100
447,9,11,1,-3.300,0.100,0.100
448,8,8,1,-3.200,0.100,0.100
449,8,8,1,-3.100,0.100,0.100
450,7,6,1,-3.000,0.100,0.100
451,9,12,1,-2.900,0.100,0.100
452,7,7,1,-2.800,0.100,0.100
453,9,12,1,-2.700,0.100,0.100
454,8,10,1,-2.600,0.100,0.100
455,11,16,1,-2.500,0.100,0.100
456,14,23,0,-2.400,0.100,0.100
457,10,13,1,-3.300,-0.900,-0.900
458,11,16,1,-3.200,0.100,0.100
459,11,16,1,-3.100,0.100,0.100
460,9,11,1,-3.000,0.100,0.100
461,8,9,1,-2.900,0.100,0.100
462,10,14,1,-2.800,0.100,0.100
463,10,14,1,-2.700,0.100,0.100
464,13,20,1,-2.600,0.100,0.100
465,13,21,1,-2.500,0.100,0.100
466,12,19,1,-2.400,0.100,0.100
467,13,21,1,-2.300,0.100,0.100
468,14,23,1,-2.200,0.100,0.100
469,14,23,1,-2.100,0.100,0.100
470,15,25,1,-2.000,0.100,0.100
471,15,26,1,-1.900,0.100,0.100
472,15,26,1,-1.800,0.100,0.100
473,15,26,1,-1.700,0.100,0.100
474,15,26,1,-1.600,0.100,0.100
475,14,24,0,-1.500,0.100,0.100
476,10,14,1,-2.400,-0.900,-0.900
477,8,10,1,-2.300,0.100,0.100
478,9,12,1,-2.200,0.100,0.100
479,12,19,1,-2.100,0.100,0.100
480,12,19,1,-2.000,0.100,0.100
481,13,22,0,-1.900,0.100,0.100
482,11,16,1,-2.800,-0.900,-0.900
483,12,18,1,-2.700,0.100,0.100
484,12,19,1,-2.600,0.100,0.100
485,13,21,1,-2.500,0.100,0.100
486,13,21,1,-2.400,0.100,0.100
487,14,23,1,-2.300,0.100,0.100
488,13,21,1,-2.200,0.100,0.100
489,12,19,1,-2.100,0.100,0.100
490,11,18,1,-2.000,0.100,0.100
491,11,18,1,-1.900,0.100,0.100
492,12,19,0,-1.800,0.100,0.100
493,10,14,1,-2.700,-0.900,-0.900
494,9,12,1,-2.600,0.100,0.100
495,8,10,1,-2.500,0.100,0.100
496,7,7,1,-2.400,0.100,0.100
497,8,10,1,-2.300,0.100,0.100
498,10,14,1,-2.200,0.100,0.100
499,9,12,1,-2.100,0.100,0.100
500,10,14,1,-2.000,0.100,0.100
501,11,18,1,-1.900,0.100,0.100
502,12,19,1,-1.800,0.100,0.100
503,14,24,1,-1.700,0.100,0.100
504,13,22,1,-1.600,0.100,0.100
505,14,24,1,-1.500,0.100,0.100
506,15,26,1,-1.400,0.100,0.100
507,15,26,1,-1.300,0.100,0.100
508,15,26,0,-1.200,0.100,0.100
509,12,19,1,-2.100,-0.900,-0.900
510,14,23,1,-2.000,0.100,0.100
511,13,22,1,-1.900,0.100,0.100
512,13,22,1,-1.800,0.100,0.100
513,11,18,1,-1.700,0.100,0.100
514,12,19,1,-1.600,0.100,0.100
515,10,15,1,-1.500,0.100,0.100
516,12,20,1,-1.400,0.100,0.100
517,12,20,1,-1.300,0.100,0.100
518,12,20,0,-1.200,0.100,0.100
519,10,14,1,-2.100,-0.900,-0.900
520,9,12,1,-2.000,0.100,0.100
521,9,12,1,-1.900,0.100,0.100
522,8,11,1,-1.800,0.100,0.100
523,8,11,1,-1.700,0.100,0.100
524,7,8,1,-1.600,0.100,0.100
525,7,8,1,-1.500,0.100,0.100
526,6,6,1,-1.400,0.100,0.100
527,7,8,1,-1.300,0.100,0.100
528,6,6,1,-1.200,0.100,0.100
529,6,7,0,-1.100,0.100,0.100
530,0,3,0,-2.000,-0.900,-0.900
531,0,3,1,-2.900,-0.900,-0.900
532,0,3,1,-2.800,0.100,0.100
533,4,3,1,-2.700,0.100,0.100
534,6,5,1,-2.600,0.100,0.100
535,6,5,1,-2.500,0.100,0.100
536,7,7,1,-2.400,0.100,0.100
537,7,7,1,-2.300,0.100,0.100
538,5,3,1,-2.200,0.100,0.100
539,5,3,1,-2.100,0.100,0.100
540,6,5,1,-2.000,0.100,0.100
541,6,5,1,-1.900,0.100,0.100
542,4,3,1,-1.800,0.100,0.100
543,5,4,1,-1.700,0.100,0.100
544,4,3,0,-1.600,0.100,0.100
545,0,3,1,-2.500,-0.900,-0.900
546,5,3,1,-2.400,0.100,0.100
547,8,10,1,-2.300,0.100,0.100
548,6,5,1,-2.200,0.100,0.100
549,9,12,1,-2.100,0.100,0.100
550,9,12,1,-2.000,0.100,0.100
551,9,12,0,-1.900,0.100,0.100
552,4,3,1,-2.800,-0.900,-0.900
553,4,3,1,-2.700,0.100,0.100
554,0,3,1,-2.600,0.100,0.100
555,6,5,1,-2.500,0.100,0.100
556,3,3,1,-2.400,0.100,0.100
557,3,3,1,-2.300,0.100,0.100
558,6,5,1,-2.200,0.100,0.100
559,7,7,1,-2.100,0.100,0.100
560,8,10,1,-2.000,0.100,0.100
561,10,14,1,-1.900,0.100,0.100
562,10,14,1,-1.800,0.100,0.100
563,11,18,1,-1.700,0.100,0.100
564,13,22,1,-1.600,0.100,0.100
565,13,22,1,-1.500,0.100,0.100
566,12,20,1,-1.400,0.100,0.100
567,12,20,1,-1.300,0.100,0.100
568,11,18,1,-1.200,0.100,0.100
569,10,16,1,-1.100,0.100,0.100
570,11,19,0,-1.000,0.100,0.100
571,5,4,1,-1.900,-0.900,-0.900
572,5,4,1,-1.800,0.100,0.100
573,8,11,1,-1.700,0.100,0.100
574,9,13,0,-1.600,0.100,0.100
575,9,12,1,-2.500,-0.900,-0.900
576,10,14,1,-2.400,0.100,0.100
577,11,16,1,-2.300,0.100,0.100
578,9,12,1,-2.200,0.100,0.100
579,11,17,1,-2.100,0.100,0.100
580,8,10,1,-2.000,0.100,0.100
581,8,11,1,-1.900,0.100,0.100
582,9,13,1,-1.800,0.100,0.100
583,10,14,1,-1.700,0.100,0.100
584,10,15,1,-1.600,0.100,0.100
585,14,24,0,-1.500,0.100,0.100
586,10,14,1,-2.400,-0.900,-0.900
587,11,16,1,-2.300,0.100,0.100
588,11,17,1,-2.200,0.100,0.100
589,12,19,1,-2.100,0.100,0.100
590,12,19,1,-2.000,0.100,0.100
591,11,18,1,-1.900,0.100,0.100
592,11,18,1,-1.800,0.100,0.100
593,11,18,1,-1.700,0.100,0.100
594,13,22,0,-1.600,0.100,0.100
595,9,12,1,-2.500,-0.900,-0.900
596,11,16,1,-2.400,0.100,0.100
597,10,14,1,-2.300,0.100,0.100
598,11,17,1,-2.200,0.100,0.100
599,10,14,1,-2.100,0.100,0.100
600,10,14,1,-2.000,0.100,0.100
601,9,12,1,-1.900,0.100,0.100
602,9,13,1,-1.800,0.100,0.100
603,9,13,1,-1.700,0.100,0.100
604,10,15,1,-1.600,0.100,0.100
605,11,18,1,-1.500,0.100,0.100
606,10,15,1,-1.400,0.100,0.100
607,13,22,1,-1.300,0.100,0.100
608,13,22,1,-1.200,0.100,0.100
609,13,22,1,-1.100,0.100,0.100
610,14,24,1,-1.000,0.100,0.100
611,13,22,0,-0.900,0.100,0.100
612,10,14,1,-1.800,-0.900,-0.900
613,12,19,1,-1.700,0.100,0.100
614,12,19,1,-1.600,0.100,0.100
615,13,22,1,-1.500,0.100,0.100
616,13,22,1,-1.400,0.100,0.100
617,12,20,1,-1.300,0.100,0.100
618,10,16,1,-1.200,0.100,0.100
619,13,22,1,-1.100,0.100,0.100
620,12,20,0,-1.000,0.100,0.100
621,9,12,1,-1.900,-0.900,-0.900
622,9,13,1,-1.800,0.100,0.100
623,9,13,1,-1.700,0.100,0.100
624,9,13,1,-1.600,0.100,0.100
625,8,11,1,-1.500,0.100,0.100
626,8,11,1,-1.400,0.100,0.100
627,9,13,1,-1.300,0.100,0.100
628,8,11,1,-1.200,0.100,0.100
629,9,14,1,-1.100,0.100,0.100
630,10,16,1,-1.000,0.100,0.100
631,9,14,1,-0.900,0.100,0.100
632,7,10,0,-0.800,0.100,0.100
633,6,6,1,-1.700,-0.900,-0.900
634,9,13,1,-1.600,0.100,0.100
635,8,11,1,-1.500,0.100,0.100
636,12,20,1,-1.400,0.100,0.100
637,10,15,1,-1.300,0.100,0.100
638,11,18,1,-1.200,0.100,0.100
639,11,18,1,-1.100,0.100,0.100
640,12,20,1,-1.000,0.100,0.100
641,14,24,0,-0.900,0.100,0.100
642,9,13,1,-1.800,-0.900,-0.900
643,12,19,1,-1.700,0.100,0.100
644,13,22,1,-1.600,0.100,0.100
645,13,22,1,-1.500,0.100,0.100
646,11,18,1,-1.400,0.100,0.100
647,11,18,1,-1.300,0.100,0.100
648,11,18,1,-1.200,0.100,0.100
649,10,16,0,-1.100,0.100,0.100
650,7,7,1,-2.000,-0.900,-0.900
651,7,7,1,-1.900,0.100,0.100
652,6,5,1,-1.800,0.100,0.100
653,3,3,1,-1.700,0.100,0.100
654,4,3,0,-1.600,0.100,0.100
655,4,3,0,-2.500,-0.900,-0.900
656,0,3,0,-3.400,-0.900,-0.900
657,0,3,0,-4.300,-0.900,-0.900
658,4,3,1,-5.200,-0.900,-0.900
659,5,3,1,-5.100,0.100,0.100
660,3,3,1,-5.000,0.100,0.100
661,5,3,1,-4.900,0.100,0.100
662,8,6,1,-4.800,0.100,0.100
663,7,4,1,-4.700,0.100,0.100
664,11,14,1,-4.600,0.100,0.100
665,13,19,1,-4.500,0.100,0.100
666,12,16,1,-4.400,0.100,0.100
667,12,16,1,-4.300,0.100,0.100
668,14,21,1,-4.200,0.100,0.100
669,14,21,1,-4.100,0.100,0.100
670,12,16,1,-4.000,0.100,0.100
671,15,24,1,-3.900,0.100,0.100
672,14,22,1,-3.800,0.100,0.100
673,14,22,1,-3.700,0.100,0.100
674,13,19,1,-3.600,0.100,0.100
675,12,18,1,-3.500,0.100,0.100
676,13,20,1,-3.400,0.100,0.100
677,14,22,1,-3.300,0.100,0.100
678,15,24,0,-3.200,0.100,0.100
679,13,19,1,-4.100,-0.900,-0.900
680,12,16,1,-4.000,0.100,0.100
681,8,7,1,-3.900,0.100,0.100
682,12,17,1,-3.800,0.100,0.100
683,11,14,1,-3.700,0.100,0.100
684,11,15,1,-3.600,0.100,0.100
685,12,18,1,-3.500,0.100,0.100
686,11,15,1,-3.400,0.100,0.100
687,9,11,1,-3.300,0.100,0.100
688,7,6,1,-3.200,0.100,0.100
689,10,13,1,-3.100,0.100,0.100
690,9,11,1,-3.000,0.100,0.100
691,8,9,1,-2.900,0.100,0.100
692,10,14,1,-2.800,0.100,0.100
693,7,7,1,-2.700,0.100,0.100
694,6,5,1,-2.600,0.100,0.100
695,7,7,1,-2.500,0.100,0.100
696,7,7,1,-2.400,0.100,0.100
697,8,10,1,-2.300,0.100,0.100
698,7,7,1,-2.200,0.100,0.100
699,7,7,1,-2.100,0.100,0.100
700,9,12,1,-2.000,0.100,0.100
701,8,11,1,-1.900,0.100,0.100
702,9,13,0,-1.800,0.100,0.100
703,3,3,1,-2.700,-0.900,-0.900
704,3,3,1,-2.600,0.100,0.100
705,5,3,1,-2.500,0.100,0.100
706,4,3,1,-2.400,0.100,0.100
707,6,5,1,-2.300,0.100,0.100
708,6,5,1,-2.200,0.100,0.100
709,4,3,1,-2.100,0.100,0.100
710,4,3,1,-2.000,0.100,0.100
711,7,7,1,-1.900,0.100,0.100
712,4,3,1,-1.800,0.100,0.100
713,4,3,1,-1.700,0.100,0.100
714,8,11,1,-1.600,0.100,0.100
715,8,11,1,-1.500,0.100,0.100
716,9,13,1,-1.400,0.100,0.100
717,9,13,1,-1.300,0.100,0.100
718,10,16,1,-1.200,0.100,0.100
719,9,14,1,-1.100,0.100,0.100
720,11,19,0,-1.000,0.100,0.100
721,10,14,1,-1.900,-0.900,-0.900
722,10,14,1,-1.800,0.100,0.100
723,13,22,0,-1.700,0.100,0.100
724,9,12,1,-2.600,-0.900,-0.900
725,9,12,1,-2.500,0.100,0.100
726,9,12,0,-2.400,0.100,0.100
727,6,4,1,-3.300,-0.900,-0.900
728,6,4,1,-3.200,0.100,0.100
729,6,4,1,-3.100,0.100,0.100
730,6,4,1,-3.000,0.100,0.100
731,7,6,1,-2.900,0.100,0.100
732,7,7,1,-2.800,0.100,0.100
733,5,3,1,-2.700,0.100,0.100
734,7,7,1,-2.600,0.100,0.100
735,7,7,1,-2.500,0.100,0.100
736,7,7,1,-2.400,0.100,0.100
737,7,7,1,-2.300,0.100,0.100
738,9,12,0,-2.200,0.100,0.100
739,6,4,1,-3.100,-0.900,-0.900
740,6,4,1,-3.000,0.100,0.100
741,6,5,1,-2.900,0.100,0.100
742,7,7,1,-2.800,0.100,0.100
743,7,7,1,-2.700,0.100,0.100
744,5,3,1,-2.600,0.100,0.100
745,6,5,1,-2.500,0.100,0.100
746,6,5,1,-2.400,0.100,0.100
747,9,12,1,-2.300,0.100,0.100
748,13,21,1,-2.200,0.100,0.100
749,12,19,1,-2.100,0.100,0.100
750,14,23,1,-2.000,0.100,0.100
751,12,19,1,-1.900,0.100,0.100
752,12,19,1,-1.800,0.100,0.100
753,15,26,1,-1.700,0.100,0.100
754,15,26,1,-1.600,0.100,0.100
755,14,24,1,-1.500,0.100,0.100
756,15,26,1,-1.400,0.100,0.100
757,13,22,1,-1.300,0.100,0.100
758,15,26,1,-1.200,0.100,0.100
759,15,26,1,-1.100,0.100,0.100
760,14,24,1,-1.000,0.100,0.100
761,13,22,1,-0.900,0.100,0.100
762,11,19,1,-0.800,0.100,0.100
763,12,20,1,-0.700,0.100,0.100
764,13,22,1,-0.600,0.100,0.100
765,12,21,1,-0.500,0.100,0.100
766,13,23,1,-0.400,0.100,0.100
767,14,25,1,-0.300,0.100,0.100
768,15,27,0,-0.200,0.100,0.100
769,12,20,1,-1.100,-0.900,-0.900
770,13,22,1,-1.000,0.100,0.100
771,10,16,1,-0.900,0.100,0.100
772,9,14,1,-0.800,0.100,0.100
773,8,12,1,-0.700,0.100,0.100
774,7,10,1,-0.600,0.100,0.100
775,8,12,1,-0.500,0.100,0.100
776,7,10,1,-0.400,0.100,0.100
777,9,14,1,-0.300,0.100,0.100
778,9,14,1,-0.200,0.100,0.100
779,9,14,1,-0.100,0.100,0.100
780,7,11,1,0.000,0.100,0.100
781,9,15,1,0.100,0.100,0.100
782,8,13,1,0.200,0.100,0.100
783,10,18,1,0.300,0.100,0.100
784,7,11,1,0.400,0.100,0.100
785,12,22,0,0.500,0.100,0.100
786,12,21,1,-0.400,-0.900,-0.900
787,10,16,1,-0.300,0.100,0.100
788,10,17,1,-0.200,0.100,0.100
789,10,17,0,-0.100,0.100,0.100
790,6,7,0,-1.000,-0.900,-0.900
791,6,5,1,-1.900,-0.900,-0.900
792,6,5,1,-1.800,0.100,0.100
793,7,7,1,-1.700,0.100,0.100
794,6,6,1,-1.600,0.100,0.100
795,7,8,1,-1.500,0.100,0.100
796,8,11,1,-1.400,0.100,0.100
797,8,11,1,-1.300,0.100,0.100
798,7,8,1,-1.200,0.100,0.100
799,9,14,0,-1.100,0.100,0.100
800,6,5,1,-2.000,-0.900,-0.900
801,7,7,1,-1.900,0.100,0.100
802,9,13,1,-1.800,0.100,0.100
803,9,13,1,-1.700,0.100,0.100
804,11,18,0,-1.600,0.100,0.100
805,7,7,1,-2.500,-0.900,-0.900
806,8,10,1,-2.400,0.100,0.100
807,6,5,1,-2.300,0.100,0.100
808,10,14,1,-2.200,0.100,0.100
809,8,10,1,-2.100,0.100,0.100
810,9,12,1,-2.000,0.100,0.100
811,7,7,1,-1.900,0.100,0.100
812,7,7,1,-1.800,0.100,0.100
813,5,4,1,-1.700,0.100,0.100
814,4,3,1,-1.600,0.100,0.100
815,5,4,1,-1.500,0.100,0.100
816,5,4,1,-1.400,0.100,0.100
817,4,3,1,-1.300,0.100,0.100
818,3,3,1,-1.200,0.100,0.100
819,3,3,1,-1.100,0.100,0.100
820,3,3,1,-1.000,0.100,0.100
821,0,3,1,-0.900,0.100,0.100
822,3,3,0,-0.800,0.100,0.100
823,7,7,1,-1.700,-0.900,-0.900
824,7,8,1,-1.600,0.100,0.100
825,6,6,1,-1.500,0.100,0.100
826,6,6,0,-1.400,0.100,0.100
827,0,3,1,-2.300,-0.900,-0.900
828,5,3,1,-2.200,0.100,0.100
829,5,3,1,-2.100,0.100,0.100
830,4,3,1,-2.000,0.100,0.100
831,4,3,1,-1.900,0.100,0.100
832,6,5,1,-1.800,0.100,0.100
833,9,13,1,-1.700,0.100,0.100
834,9,13,0,-1.600,0.100,0.100
835,7,7,0,-2.500,-0.900,-0.900
836,0,3,1,-3.400,-0.900,-0.900
837,0,3,1,-3.300,0.100,0.100
838,3,3,0,-3.200,0.100,0.100
839,3,3,1,-4.100,-0.900,-0.900
840,0,3,0,-4.000,0.100,0.100
841,0,3,0,-4.900,-0.900,-0.900
842,0,3,0,-5.800,-0.900,-0.900
843,0,3,0,-6.700,-0.900,-0.900
844,0,3,0,-7.600,-0.900,-0.900
845,0,3,0,-8.500,-0.900,-0.900
846,0,3,0,-9.400,-0.900,-0.900
847,0,3,0,-10.300,-0.900,-0.900
848,5,3,1,-11.200,-0.900,-0.900
849,5,3,1,-11.100,0.100,0.100
850,0,3,0,-11.000,0.100,0.100
851,0,3,0,-11.900,-0.900,-0.900
852,0,3,0,-12.800,-0.900,-0.900
853,0,3,0,-13.700,-0.900,-0.900
854,0,3,0,-14.600,-0.900,-0.900
855,0,3,1,-15.500,-0.900,-0.900
856,4,3,1,-15.400,0.100,0.100
857,5,3,1,-15.300,0.100,0.100
