tb,slot,lag,past_cqi,past_mcs,past_ack,exp_cqi,exp_mcs,exp_ack,ok
0,0,0,-1,-1,-1,-1,-1,-1,Y
0,0,1,-1,-1,-1,-1,-1,-1,Y
0,0,2,-1,-1,-1,-1,-1,-1,Y
1,2,0,0.7333,0.6800,0.0000,0.7333,0.6800,0.0000,Y
1,2,1,-1,-1,-1,-1,-1,-1,Y
1,2,2,-1,-1,-1,-1,-1,-1,Y
2,3,0,0.6000,0.4800,1.0000,0.6000,0.4800,1.0000,Y
2,3,1,0.7333,0.6800,0.0000,0.7333,0.6800,0.0000,Y
2,3,2,-1,-1,-1,-1,-1,-1,Y
3,4,0,0.7333,0.6800,1.0000,0.7333,0.6800,1.0000,Y
3,4,1,0.6000,0.4800,1.0000,0.6000,0.4800,1.0000,Y
3,4,2,0.7333,0.6800,0.0000,0.7333,0.6800,0.0000,Y
4,6,0,0.7333,0.6800,0.0000,0.7333,0.6800,0.0000,Y
4,6,1,0.7333,0.6800,1.0000,0.7333,0.6800,1.0000,Y
4,6,2,0.6000,0.4800,1.0000,0.6000,0.4800,1.0000,Y
5,7,0,0.7333,0.6800,1.0000,0.7333,0.6800,1.0000,Y
5,7,1,0.7333,0.6800,0.0000,0.7333,0.6800,0.0000,Y
5,7,2,0.7333,0.6800,1.0000,0.7333,0.6800,1.0000,Y
6,8,0,0.7333,0.6800,1.0000,0.7333,0.6800,1.0000,Y
6,8,1,0.7333,0.6800,1.0000,0.7333,0.6800,1.0000,Y
6,8,2,0.7333,0.6800,0.0000,0.7333,0.6800,0.0000,Y
7,10,0,0.8667,0.8400,0.0000,0.8667,0.8400,0.0000,Y
7,10,1,0.7333,0.6800,1.0000,0.7333,0.6800,1.0000,Y
7,10,2,0.7333,0.6800,1.0000,0.7333,0.6800,1.0000,Y
8,12,0,0.8667,0.8400,0.0000,0.8667,0.8400,0.0000,Y
8,12,1,0.8667,0.8400,0.0000,0.8667,0.8400,0.0000,Y
8,12,2,0.7333,0.6800,1.0000,0.7333,0.6800,1.0000,Y
9,15,0,0.6667,0.6000,0.0000,0.6667,0.6000,0.0000,Y
9,15,1,0.8667,0.8400,0.0000,0.8667,0.8400,0.0000,Y
9,15,2,0.8667,0.8400,0.0000,0.8667,0.8400,0.0000,Y
10,17,0,0.4000,0.2000,0.0000,0.4000,0.2000,0.0000,Y
10,17,1,0.6667,0.6000,0.0000,0.6667,0.6000,0.0000,Y
10,17,2,0.8667,0.8400,0.0000,0.8667,0.8400,0.0000,Y
11,18,0,0.2000,0.0000,1.0000,0.2000,0.0000,1.0000,Y
11,18,1,0.4000,0.2000,0.0000,0.4000,0.2000,0.0000,Y
11,18,2,0.6667,0.6000,0.0000,0.6667,0.6000,0.0000,Y
12,19,0,0.2000,0.0000,1.0000,0.2000,0.0000,1.0000,Y
12,19,1,0.2000,0.0000,1.0000,0.2000,0.0000,1.0000,Y
12,19,2,0.4000,0.2000,0.0000,0.4000,0.2000,0.0000,Y
13,20,0,0.2000,0.0000,1.0000,0.2000,0.0000,1.0000,Y
13,20,1,0.2000,0.0000,1.0000,0.2000,0.0000,1.0000,Y
13,20,2,0.2000,0.0000,1.0000,0.2000,0.0000,1.0000,Y
14,21,0,0.2667,0.0400,1.0000,0.2667,0.0400,1.0000,Y
14,21,1,0.2000,0.0000,1.0000,0.2000,0.0000,1.0000,Y
14,21,2,0.2000,0.0000,1.0000,0.2000,0.0000,1.0000,Y
15,22,0,0.4667,0.3200,1.0000,0.4667,0.3200,1.0000,Y
15,22,1,0.2667,0.0400,1.0000,0.2667,0.0400,1.0000,Y
15,22,2,0.2000,0.0000,1.0000,0.2000,0.0000,1.0000,Y
16,23,0,0.4667,0.3200,1.0000,0.4667,0.3200,1.0000,Y
16,23,1,0.4667,0.3200,1.0000,0.4667,0.3200,1.0000,Y
16,23,2,0.2667,0.0400,1.0000,0.2667,0.0400,1.0000,Y
17,24,0,0.4000,0.2000,1.0000,0.4000,0.2000,1.0000,Y
17,24,1,0.4667,0.3200,1.0000,0.4667,0.3200,1.0000,Y
17,24,2,0.4667,0.3200,1.0000,0.4667,0.3200,1.0000,Y
18,25,0,0.4000,0.2000,1.0000,0.4000,0.2000,1.0000,Y
18,25,1,0.4000,0.2000,1.0000,0.4000,0.2000,1.0000,Y
18,25,2,0.4667,0.3200,1.0000,0.4667,0.3200,1.0000,Y
19,26,0,0.5333,0.4000,1.0000,0.5333,0.4000,1.0000,Y
19,26,1,0.4000,0.2000,1.0000,0.4000,0.2000,1.0000,Y
19,26,2,0.4000,0.2000,1.0000,0.4000,0.2000,1.0000,Y
20,28,0,0.6000,0.4800,0.0000,0.6000,0.4800,0.0000,Y
20,28,1,0.5333,0.4000,1.0000,0.5333,0.4000,1.0000,Y
20,28,2,0.4000,0.2000,1.0000,0.4000,0.2000,1.0000,Y
21,30,0,0.6000,0.4800,0.0000,0.6000,0.4800,0.0000,Y
21,30,1,0.6000,0.4800,0.0000,0.6000,0.4800,0.0000,Y
21,30,2,0.5333,0.4000,1.0000,0.5333,0.4000,1.0000,Y
22,31,0,0.4000,0.2000,1.0000,0.4000,0.2000,1.0000,Y
22,31,1,0.6000,0.4800,0.0000,0.6000,0.4800,0.0000,Y
22,31,2,0.6000,0.4800,0.0000,0.6000,0.4800,0.0000,Y
23,34,0,0.4667,0.3200,0.0000,0.4667,0.3200,0.0000,Y
23,34,1,0.4000,0.2000,1.0000,0.4000,0.2000,1.0000,Y
23,34,2,0.6000,0.4800,0.0000,0.6000,0.4800,0.0000,Y
24,35,0,0.4000,0.2000,1.0000,0.4000,0.2000,1.0000,Y
24,35,1,0.4667,0.3200,0.0000,0.4667,0.3200,0.0000,Y
24,35,2,0.4000,0.2000,1.0000,0.4000,0.2000,1.0000,Y
25,36,0,0.4000,0.2000,1.0000,0.4000,0.2000,1.0000,Y
25,36,1,0.4000,0.2000,1.0000,0.4000,0.2000,1.0000,Y
25,36,2,0.4667,0.3200,0.0000,0.4667,0.3200,0.0000,Y
26,37,0,0.4000,0.2000,1.0000,0.4000,0.2000,1.0000,Y
26,37,1,0.4000,0.2000,1.0000,0.4000,0.2000,1.0000,Y
26,37,2,0.4000,0.2000,1.0000,0.4000,0.2000,1.0000,Y
27,38,0,0.5333,0.4000,1.0000,0.5333,0.4000,1.0000,Y
27,38,1,0.4000,0.2000,1.0000,0.4000,0.2000,1.0000,Y
27,38,2,0.4000,0.2000,1.0000,0.4000,0.2000,1.0000,Y
28,39,0,0.4667,0.3200,1.0000,0.4667,0.3200,1.0000,Y
28,39,1,0.5333,0.4000,1.0000,0.5333,0.4000,1.0000,Y
28,39,2,0.4000,0.2000,1.0000,0.4000,0.2000,1.0000,Y
29,40,0,0.4000,0.2000,1.0000,0.4000,0.2000,1.0000,Y
29,40,1,0.4667,0.3200,1.0000,0.4667,0.3200,1.0000,Y
29,40,2,0.5333,0.4000,1.0000,0.5333,0.4000,1.0000,Y
30,41,0,0.5333,0.4000,1.0000,0.5333,0.4000,1.0000,Y
30,41,1,0.4000,0.2000,1.0000,0.4000,0.2000,1.0000,Y
30,41,2,0.4667,0.3200,1.0000,0.4667,0.3200,1.0000,Y
31,42,0,0.6667,0.6000,1.0000,0.6667,0.6000,1.0000,Y
31,42,1,0.5333,0.4000,1.0000,0.5333,0.4000,1.0000,Y
31,42,2,0.4000,0.2000,1.0000,0.4000,0.2000,1.0000,Y
32,43,0,0.5333,0.4000,1.0000,0.5333,0.4000,1.0000,Y
32,43,1,0.6667,0.6000,1.0000,0.6667,0.6000,1.0000,Y
32,43,2,0.5333,0.4000,1.0000,0.5333,0.4000,1.0000,Y
33,44,0,0.6667,0.6000,1.0000,0.6667,0.6000,1.0000,Y
33,44,1,0.5333,0.4000,1.0000,0.5333,0.4000,1.0000,Y
33,44,2,0.6667,0.6000,1.0000,0.6667,0.6000,1.0000,Y
34,45,0,0.8000,0.7600,1.0000,0.8000,0.7600,1.0000,Y
34,45,1,0.6667,0.6000,1.0000,0.6667,0.6000,1.0000,Y
34,45,2,0.5333,0.4000,1.0000,0.5333,0.4000,1.0000,Y
35,46,0,0.8667,0.8400,1.0000,0.8667,0.8400,1.0000,Y
35,46,1,0.8000,0.7600,1.0000,0.8000,0.7600,1.0000,Y
35,46,2,0.6667,0.6000,1.0000,0.6667,0.6000,1.0000,Y
36,47,0,0.8667,0.8400,1.0000,0.8667,0.8400,1.0000,Y
36,47,1,0.8667,0.8400,1.0000,0.8667,0.8400,1.0000,Y
36,47,2,0.8000,0.7600,1.0000,0.8000,0.7600,1.0000,Y
37,48,0,0.8667,0.8400,1.0000,0.8667,0.8400,1.0000,Y
37,48,1,0.8667,0.8400,1.0000,0.8667,0.8400,1.0000,Y
37,48,2,0.8667,0.8400,1.0000,0.8667,0.8400,1.0000,Y
38,49,0,1.0000,1.0000,1.0000,1.0000,1.0000,1.0000,Y
38,49,1,0.8667,0.8400,1.0000,0.8667,0.8400,1.0000,Y
38,49,2,0.8667,0.8400,1.0000,0.8667,0.8400,1.0000,Y
39,50,0,1.0000,1.0000,1.0000,1.0000,1.0000,1.0000,Y
39,50,1,1.0000,1.0000,1.0000,1.0000,1.0000,1.0000,Y
39,50,2,0.8667,0.8400,1.0000,0.8667,0.8400,1.0000,Y
40,51,0,1.0000,1.0000,1.0000,1.0000,1.0000,1.0000,Y
40,51,1,1.0000,1.0000,1.0000,1.0000,1.0000,1.0000,Y
40,51,2,1.0000,1.0000,1.0000,1.0000,1.0000,1.0000,Y
41,52,0,1.0000,1.0000,1.0000,1.0000,1.0000,1.0000,Y
41,52,1,1.0000,1.0000,1.0000,1.0000,1.0000,1.0000,Y
41,52,2,1.0000,1.0000,1.0000,1.0000,1.0000,1.0000,Y
42,53,0,1.0000,1.0000,1.0000,1.0000,1.0000,1.0000,Y
42,53,1,1.0000,1.0000,1.0000,1.0000,1.0000,1.0000,Y
42,53,2,1.0000,1.0000,1.0000,1.0000,1.0000,1.0000,Y
43,54,0,1.0000,1.0000,1.0000,1.0000,1.0000,1.0000,Y
43,54,1,1.0000,1.0000,1.0000,1.0000,1.0000,1.0000,Y
43,54,2,1.0000,1.0000,1.0000,1.0000,1.0000,1.0000,Y
44,55,0,1.0000,1.0000,1.0000,1.0000,1.0000,1.0000,Y
44,55,1,1.0000,1.0000,1.0000,1.0000,1.0000,1.0000,Y
44,55,2,1.0000,1.0000,1.0000,1.0000,1.0000,1.0000,Y
45,56,0,1.0000,1.0000,1.0000,1.0000,1.0000,1.0000,Y
45,56,1,1.0000,1.0000,1.0000,1.0000,1.0000,1.0000,Y
45,56,2,1.0000,1.0000,1.0000,1.0000,1.0000,1.0000,Y
46,57,0,1.0000,1.0000,1.0000,1.0000,1.0000,1.0000,Y
46,57,1,1.0000,1.0000,1.0000,1.0000,1.0000,1.0000,Y
46,57,2,1.0000,1.0000,1.0000,1.0000,1.0000,1.0000,Y
47,58,0,1.0000,1.0000,1.0000,1.0000,1.0000,1.0000,Y
47,58,1,1.0000,1.0000,1.0000,1.0000,1.0000,1.0000,Y
47,58,2,1.0000,1.0000,1.0000,1.0000,1.0000,1.0000,Y
48,59,0,1.0000,1.0000,1.0000,1.0000,1.0000,1.0000,Y
48,59,1,1.0000,1.0000,1.0000,1.0000,1.0000,1.0000,Y
48,59,2,1.0000,1.0000,1.0000,1.0000,1.0000,1.0000,Y
49,61,0,1.0000,1.0000,0.0000,1.0000,1.0000,0.0000,Y
49,61,1,1.0000,1.0000,1.0000,1.0000,1.0000,1.0000,Y
49,61,2,1.0000,1.0000,1.0000,1.0000,1.0000,1.0000,Y
50,63,0,0.8667,0.8400,0.0000,0.8667,0.8400,0.0000,Y
50,63,1,1.0000,1.0000,0.0000,1.0000,1.0000,0.0000,Y
50,63,2,1.0000,1.0000,1.0000,1.0000,1.0000,1.0000,Y
51,64,0,0.8000,0.7600,1.0000,0.8000,0.7600,1.0000,Y
51,64,1,0.8667,0.8400,0.0000,0.8667,0.8400,0.0000,Y
51,64,2,1.0000,1.0000,0.0000,1.0000,1.0000,0.0000,Y
52,65,0,0.8667,0.8400,1.0000,0.8667,0.8400,1.0000,Y
52,65,1,0.8000,0.7600,1.0000,0.8000,0.7600,1.0000,Y
52,65,2,0.8667,0.8400,0.0000,0.8667,0.8400,0.0000,Y
53,66,0,0.8667,0.8400,1.0000,0.8667,0.8400,1.0000,Y
53,66,1,0.8667,0.8400,1.0000,0.8667,0.8400,1.0000,Y
53,66,2,0.8000,0.7600,1.0000,0.8000,0.7600,1.0000,Y
54,67,0,0.9333,0.9200,1.0000,0.9333,0.9200,1.0000,Y
54,67,1,0.8667,0.8400,1.0000,0.8667,0.8400,1.0000,Y
54,67,2,0.8667,0.8400,1.0000,0.8667,0.8400,1.0000,Y
55,68,0,0.7333,0.6800,1.0000,0.7333,0.6800,1.0000,Y
55,68,1,0.9333,0.9200,1.0000,0.9333,0.9200,1.0000,Y
55,68,2,0.8667,0.8400,1.0000,0.8667,0.8400,1.0000,Y
56,69,0,1.0000,1.0000,1.0000,1.0000,1.0000,1.0000,Y
56,69,1,0.7333,0.6800,1.0000,0.7333,0.6800,1.0000,Y
56,69,2,0.9333,0.9200,1.0000,0.9333,0.9200,1.0000,Y
57,71,0,1.0000,1.0000,0.0000,1.0000,1.0000,0.0000,Y
57,71,1,1.0000,1.0000,1.0000,1.0000,1.0000,1.0000,Y
57,71,2,0.7333,0.6800,1.0000,0.7333,0.6800,1.0000,Y
58,72,0,0.8667,0.8400,1.0000,0.8667,0.8400,1.0000,Y
58,72,1,1.0000,1.0000,0.0000,1.0000,1.0000,0.0000,Y
58,72,2,1.0000,1.0000,1.0000,1.0000,1.0000,1.0000,Y
59,73,0,0.9333,0.9200,1.0000,0.9333,0.9200,1.0000,Y
59,73,1,0.8667,0.8400,1.0000,0.8667,0.8400,1.0000,Y
59,73,2,1.0000,1.0000,0.0000,1.0000,1.0000,0.0000,Y
60,74,0,0.9333,0.9200,1.0000,0.9333,0.9200,1.0000,Y
60,74,1,0.9333,0.9200,1.0000,0.9333,0.9200,1.0000,Y
60,74,2,0.8667,0.8400,1.0000,0.8667,0.8400,1.0000,Y
61,75,0,1.0000,1.0000,1.0000,1.0000,1.0000,1.0000,Y
61,75,1,0.9333,0.9200,1.0000,0.9333,0.9200,1.0000,Y
61,75,2,0.9333,0.9200,1.0000,0.9333,0.9200,1.0000,Y
62,76,0,0.9333,0.9200,1.0000,0.9333,0.9200,1.0000,Y
62,76,1,1.0000,1.0000,1.0000,1.0000,1.0000,1.0000,Y
62,76,2,0.9333,0.9200,1.0000,0.9333,0.9200,1.0000,Y
63,78,0,1.0000,1.0000,0.0000,1.0000,1.0000,0.0000,Y
63,78,1,0.9333,0.9200,1.0000,0.9333,0.9200,1.0000,Y
63,78,2,1.0000,1.0000,1.0000,1.0000,1.0000,1.0000,Y
64,79,0,0.8667,0.8400,1.0000,0.8667,0.8400,1.0000,Y
64,79,1,1.0000,1.0000,0.0000,1.0000,1.0000,0.0000,Y
64,79,2,0.9333,0.9200,1.0000,0.9333,0.9200,1.0000,Y
65,80,0,1.0000,1.0000,1.0000,1.0000,1.0000,1.0000,Y
65,80,1,0.8667,0.8400,1.0000,0.8667,0.8400,1.0000,Y
65,80,2,1.0000,1.0000,0.0000,1.0000,1.0000,0.0000,Y
66,81,0,0.9333,0.9200,1.0000,0.9333,0.9200,1.0000,Y
66,81,1,1.0000,1.0000,1.0000,1.0000,1.0000,1.0000,Y
66,81,2,0.8667,0.8400,1.0000,0.8667,0.8400,1.0000,Y
67,82,0,1.0000,1.0000,1.0000,1.0000,1.0000,1.0000,Y
67,82,1,0.9333,0.9200,1.0000,0.9333,0.9200,1.0000,Y
67,82,2,1.0000,1.0000,1.0000,1.0000,1.0000,1.0000,Y
68,83,0,1.0000,1.0000,1.0000,1.0000,1.0000,1.0000,Y
68,83,1,1.0000,1.0000,1.0000,1.0000,1.0000,1.0000,Y
68,83,2,0.9333,0.9200,1.0000,0.9333,0.9200,1.0000,Y
69,85,0,1.0000,1.0000,0.0000,1.0000,1.0000,0.0000,Y
69,85,1,1.0000,1.0000,1.0000,1.0000,1.0000,1.0000,Y
69,85,2,1.0000,1.0000,1.0000,1.0000,1.0000,1.0000,Y
70,86,0,0.8000,0.7600,1.0000,0.8000,0.7600,1.0000,Y
70,86,1,1.0000,1.0000,0.0000,1.0000,1.0000,0.0000,Y
70,86,2,1.0000,1.0000,1.0000,1.0000,1.0000,1.0000,Y
71,87,0,0.7333,0.6800,1.0000,0.7333,0.6800,1.0000,Y
71,87,1,0.8000,0.7600,1.0000,0.8000,0.7600,1.0000,Y
71,87,2,1.0000,1.0000,0.0000,1.0000,1.0000,0.0000,Y
72,88,0,0.8000,0.7600,1.0000,0.8000,0.7600,1.0000,Y
72,88,1,0.7333,0.6800,1.0000,0.7333,0.6800,1.0000,Y
72,88,2,0.8000,0.7600,1.0000,0.8000,0.7600,1.0000,Y
73,89,0,0.8667,0.8400,1.0000,0.8667,0.8400,1.0000,Y
73,89,1,0.8000,0.7600,1.0000,0.8000,0.7600,1.0000,Y
73,89,2,0.7333,0.6800,1.0000,0.7333,0.6800,1.0000,Y
74,90,0,1.0000,1.0000,1.0000,1.0000,1.0000,1.0000,Y
74,90,1,0.8667,0.8400,1.0000,0.8667,0.8400,1.0000,Y
74,90,2,0.8000,0.7600,1.0000,0.8000,0.7600,1.0000,Y
75,91,0,0.8667,0.8400,1.0000,0.8667,0.8400,1.0000,Y
75,91,1,1.0000,1.0000,1.0000,1.0000,1.0000,1.0000,Y
75,91,2,0.8667,0.8400,1.0000,0.8667,0.8400,1.0000,Y
76,92,0,1.0000,1.0000,1.0000,1.0000,1.0000,1.0000,Y
76,92,1,0.8667,0.8400,1.0000,0.8667,0.8400,1.0000,Y
76,92,2,1.0000,1.0000,1.0000,1.0000,1.0000,1.0000,Y
77,93,0,0.9333,0.9200,1.0000,0.9333,0.9200,1.0000,Y
77,93,1,1.0000,1.0000,1.0000,1.0000,1.0000,1.0000,Y
77,93,2,0.8667,0.8400,1.0000,0.8667,0.8400,1.0000,Y
78,95,0,1.0000,1.0000,0.0000,1.0000,1.0000,0.0000,Y
78,95,1,0.9333,0.9200,1.0000,0.9333,0.9200,1.0000,Y
78,95,2,1.0000,1.0000,1.0000,1.0000,1.0000,1.0000,Y
79,96,0,0.9333,0.9200,1.0000,0.9333,0.9200,1.0000,Y
79,96,1,1.0000,1.0000,0.0000,1.0000,1.0000,0.0000,Y
79,96,2,0.9333,0.9200,1.0000,0.9333,0.9200,1.0000,Y
80,97,0,0.9333,0.9200,1.0000,0.9333,0.9200,1.0000,Y
80,97,1,0.9333,0.9200,1.0000,0.9333,0.9200,1.0000,Y
80,97,2,1.0000,1.0000,0.0000,1.0000,1.0000,0.0000,Y
81,98,0,0.9333,0.9200,1.0000,0.9333,0.9200,1.0000,Y
81,98,1,0.9333,0.9200,1.0000,0.9333,0.9200,1.0000,Y
81,98,2,0.9333,0.9200,1.0000,0.9333,0.9200,1.0000,Y
82,100,0,1.0000,1.0000,0.0000,1.0000,1.0000,0.0000,Y
82,100,1,0.9333,0.9200,1.0000,0.9333,0.9200,1.0000,Y
82,100,2,0.9333,0.9200,1.0000,0.9333,0.9200,1.0000,Y
83,102,0,0.8667,0.8400,0.0000,0.8667,0.8400,0.0000,Y
83,102,1,1.0000,1.0000,0.0000,1.0000,1.0000,0.0000,Y
83,102,2,0.9333,0.9200,1.0000,0.9333,0.9200,1.0000,Y
84,103,0,0.7333,0.6800,1.0000,0.7333,0.6800,1.0000,Y
84,103,1,0.8667,0.8400,0.0000,0.8667,0.8400,0.0000,Y
84,103,2,1.0000,1.0000,0.0000,1.0000,1.0000,0.0000,Y
85,105,0,0.8667,0.8400,0.0000,0.8667,0.8400,0.0000,Y
85,105,1,0.7333,0.6800,1.0000,0.7333,0.6800,1.0000,Y
85,105,2,0.8667,0.8400,0.0000,0.8667,0.8400,0.0000,Y
86,106,0,0.6000,0.4800,1.0000,0.6000,0.4800,1.0000,Y
86,106,1,0.8667,0.8400,0.0000,0.8667,0.8400,0.0000,Y
86,106,2,0.7333,0.6800,1.0000,0.7333,0.6800,1.0000,Y
87,108,0,0.6667,0.6000,0.0000,0.6667,0.6000,0.0000,Y
87,108,1,0.6000,0.4800,1.0000,0.6000,0.4800,1.0000,Y
87,108,2,0.8667,0.8400,0.0000,0.8667,0.8400,0.0000,Y
88,110,0,0.5333,0.4000,0.0000,0.5333,0.4000,0.0000,Y
88,110,1,0.6667,0.6000,0.0000,0.6667,0.6000,0.0000,Y
88,110,2,0.6000,0.4800,1.0000,0.6000,0.4800,1.0000,Y
89,111,0,0.4000,0.2000,1.0000,0.4000,0.2000,1.0000,Y
89,111,1,0.5333,0.4000,0.0000,0.5333,0.4000,0.0000,Y
89,111,2,0.6667,0.6000,0.0000,0.6667,0.6000,0.0000,Y
90,112,0,0.4667,0.3200,1.0000,0.4667,0.3200,1.0000,Y
90,112,1,0.4000,0.2000,1.0000,0.4000,0.2000,1.0000,Y
90,112,2,0.5333,0.4000,0.0000,0.5333,0.4000,0.0000,Y
91,113,0,0.4667,0.3200,1.0000,0.4667,0.3200,1.0000,Y
91,113,1,0.4667,0.3200,1.0000,0.4667,0.3200,1.0000,Y
91,113,2,0.4000,0.2000,1.0000,0.4000,0.2000,1.0000,Y
92,114,0,0.4667,0.3200,1.0000,0.4667,0.3200,1.0000,Y
92,114,1,0.4667,0.3200,1.0000,0.4667,0.3200,1.0000,Y
92,114,2,0.4667,0.3200,1.0000,0.4667,0.3200,1.0000,Y
93,115,0,0.4667,0.3200,1.0000,0.4667,0.3200,1.0000,Y
93,115,1,0.4667,0.3200,1.0000,0.4667,0.3200,1.0000,Y
93,115,2,0.4667,0.3200,1.0000,0.4667,0.3200,1.0000,Y
94,116,0,0.4667,0.3200,1.0000,0.4667,0.3200,1.0000,Y
94,116,1,0.4667,0.3200,1.0000,0.4667,0.3200,1.0000,Y
94,116,2,0.4667,0.3200,1.0000,0.4667,0.3200,1.0000,Y
95,117,0,0.6000,0.4800,1.0000,0.6000,0.4800,1.0000,Y
95,117,1,0.4667,0.3200,1.0000,0.4667,0.3200,1.0000,Y
95,117,2,0.4667,0.3200,1.0000,0.4667,0.3200,1.0000,Y
96,118,0,0.4000,0.2000,1.0000,0.4000,0.2000,1.0000,Y
96,118,1,0.6000,0.4800,1.0000,0.6000,0.4800,1.0000,Y
96,118,2,0.4667,0.3200,1.0000,0.4667,0.3200,1.0000,Y
97,119,0,0.6667,0.6000,1.0000,0.6667,0.6000,1.0000,Y
97,119,1,0.4000,0.2000,1.0000,0.4000,0.2000,1.0000,Y
97,119,2,0.6000,0.4800,1.0000,0.6000,0.4800,1.0000,Y
98,120,0,0.8000,0.7600,1.0000,0.8000,0.7600,1.0000,Y
98,120,1,0.6667,0.6000,1.0000,0.6667,0.6000,1.0000,Y
98,120,2,0.4000,0.2000,1.0000,0.4000,0.2000,1.0000,Y
99,121,0,0.6667,0.6000,1.0000,0.6667,0.6000,1.0000,Y
99,121,1,0.8000,0.7600,1.0000,0.8000,0.7600,1.0000,Y
99,121,2,0.6667,0.6000,1.0000,0.6667,0.6000,1.0000,Y
100,122,0,0.7333,0.6800,1.0000,0.7333,0.6800,1.0000,Y
100,122,1,0.6667,0.6000,1.0000,0.6667,0.6000,1.0000,Y
100,122,2,0.8000,0.7600,1.0000,0.8000,0.7600,1.0000,Y
101,123,0,0.9333,0.9200,1.0000,0.9333,0.9200,1.0000,Y
101,123,1,0.7333,0.6800,1.0000,0.7333,0.6800,1.0000,Y
101,123,2,0.6667,0.6000,1.0000,0.6667,0.6000,1.0000,Y
102,125,0,1.0000,1.0000,0.0000,1.0000,1.0000,0.0000,Y
102,125,1,0.9333,0.9200,1.0000,0.9333,0.9200,1.0000,Y
102,125,2,0.7333,0.6800,1.0000,0.7333,0.6800,1.0000,Y
103,127,0,0.8000,0.7600,0.0000,0.8000,0.7600,0.0000,Y
103,127,1,1.0000,1.0000,0.0000,1.0000,1.0000,0.0000,Y
103,127,2,0.9333,0.9200,1.0000,0.9333,0.9200,1.0000,Y
104,128,0,0.6667,0.6000,1.0000,0.6667,0.6000,1.0000,Y
104,128,1,0.8000,0.7600,0.0000,0.8000,0.7600,0.0000,Y
104,128,2,1.0000,1.0000,0.0000,1.0000,1.0000,0.0000,Y
105,129,0,0.6000,0.4800,1.0000,0.6000,0.4800,1.0000,Y
105,129,1,0.6667,0.6000,1.0000,0.6667,0.6000,1.0000,Y
105,129,2,0.8000,0.7600,0.0000,0.8000,0.7600,0.0000,Y
106,131,0,0.6000,0.4800,0.0000,0.6000,0.4800,0.0000,Y
106,131,1,0.6000,0.4800,1.0000,0.6000,0.4800,1.0000,Y
106,131,2,0.6667,0.6000,1.0000,0.6667,0.6000,1.0000,Y
107,132,0,0.4667,0.3200,1.0000,0.4667,0.3200,1.0000,Y
107,132,1,0.6000,0.4800,0.0000,0.6000,0.4800,0.0000,Y
107,132,2,0.6000,0.4800,1.0000,0.6000,0.4800,1.0000,Y
108,133,0,0.4000,0.2000,1.0000,0.4000,0.2000,1.0000,Y
108,133,1,0.4667,0.3200,1.0000,0.4667,0.3200,1.0000,Y
108,133,2,0.6000,0.4800,0.0000,0.6000,0.4800,0.0000,Y
109,134,0,0.4000,0.2000,1.0000,0.4000,0.2000,1.0000,Y
109,134,1,0.4000,0.2000,1.0000,0.4000,0.2000,1.0000,Y
109,134,2,0.4667,0.3200,1.0000,0.4667,0.3200,1.0000,Y
110,135,0,0.4000,0.2000,1.0000,0.4000,0.2000,1.0000,Y
110,135,1,0.4000,0.2000,1.0000,0.4000,0.2000,1.0000,Y
110,135,2,0.4000,0.2000,1.0000,0.4000,0.2000,1.0000,Y
111,136,0,0.6000,0.4800,1.0000,0.6000,0.4800,1.0000,Y
111,136,1,0.4000,0.2000,1.0000,0.4000,0.2000,1.0000,Y
111,136,2,0.4000,0.2000,1.0000,0.4000,0.2000,1.0000,Y
112,137,0,0.5333,0.4000,1.0000,0.5333,0.4000,1.0000,Y
112,137,1,0.6000,0.4800,1.0000,0.6000,0.4800,1.0000,Y
112,137,2,0.4000,0.2000,1.0000,0.4000,0.2000,1.0000,Y
113,138,0,0.7333,0.6800,1.0000,0.7333,0.6800,1.0000,Y
113,138,1,0.5333,0.4000,1.0000,0.5333,0.4000,1.0000,Y
113,138,2,0.6000,0.4800,1.0000,0.6000,0.4800,1.0000,Y
114,140,0,0.8000,0.7600,0.0000,0.8000,0.7600,0.0000,Y
114,140,1,0.7333,0.6800,1.0000,0.7333,0.6800,1.0000,Y
114,140,2,0.5333,0.4000,1.0000,0.5333,0.4000,1.0000,Y
115,141,0,0.8000,0.7600,1.0000,0.8000,0.7600,1.0000,Y
115,141,1,0.8000,0.7600,0.0000,0.8000,0.7600,0.0000,Y
115,141,2,0.7333,0.6800,1.0000,0.7333,0.6800,1.0000,Y
116,142,0,0.8000,0.7600,1.0000,0.8000,0.7600,1.0000,Y
116,142,1,0.8000,0.7600,1.0000,0.8000,0.7600,1.0000,Y
116,142,2,0.8000,0.7600,0.0000,0.8000,0.7600,0.0000,Y
117,143,0,0.8000,0.7600,1.0000,0.8000,0.7600,1.0000,Y
117,143,1,0.8000,0.7600,1.0000,0.8000,0.7600,1.0000,Y
117,143,2,0.8000,0.7600,1.0000,0.8000,0.7600,1.0000,Y
118,144,0,0.8667,0.8400,1.0000,0.8667,0.8400,1.0000,Y
118,144,1,0.8000,0.7600,1.0000,0.8000,0.7600,1.0000,Y
118,144,2,0.8000,0.7600,1.0000,0.8000,0.7600,1.0000,Y
119,145,0,0.8667,0.8400,1.0000,0.8667,0.8400,1.0000,Y
119,145,1,0.8667,0.8400,1.0000,0.8667,0.8400,1.0000,Y
119,145,2,0.8000,0.7600,1.0000,0.8000,0.7600,1.0000,Y
120,146,0,0.8667,0.8400,1.0000,0.8667,0.8400,1.0000,Y
120,146,1,0.8667,0.8400,1.0000,0.8667,0.8400,1.0000,Y
120,146,2,0.8667,0.8400,1.0000,0.8667,0.8400,1.0000,Y
121,148,0,0.9333,0.9200,0.0000,0.9333,0.9200,0.0000,Y
121,148,1,0.8667,0.8400,1.0000,0.8667,0.8400,1.0000,Y
121,148,2,0.8667,0.8400,1.0000,0.8667,0.8400,1.0000,Y
122,149,0,0.6000,0.4800,1.0000,0.6000,0.4800,1.0000,Y
122,149,1,0.9333,0.9200,0.0000,0.9333,0.9200,0.0000,Y
122,149,2,0.8667,0.8400,1.0000,0.8667,0.8400,1.0000,Y
123,150,0,0.7333,0.6800,1.0000,0.7333,0.6800,1.0000,Y
123,150,1,0.6000,0.4800,1.0000,0.6000,0.4800,1.0000,Y
123,150,2,0.9333,0.9200,0.0000,0.9333,0.9200,0.0000,Y
124,151,0,0.6000,0.4800,1.0000,0.6000,0.4800,1.0000,Y
124,151,1,0.7333,0.6800,1.0000,0.7333,0.6800,1.0000,Y
124,151,2,0.6000,0.4800,1.0000,0.6000,0.4800,1.0000,Y
125,152,0,0.6667,0.6000,1.0000,0.6667,0.6000,1.0000,Y
125,152,1,0.6000,0.4800,1.0000,0.6000,0.4800,1.0000,Y
125,152,2,0.7333,0.6800,1.0000,0.7333,0.6800,1.0000,Y
126,153,0,0.6000,0.4800,1.0000,0.6000,0.4800,1.0000,Y
126,153,1,0.6667,0.6000,1.0000,0.6667,0.6000,1.0000,Y
126,153,2,0.6000,0.4800,1.0000,0.6000,0.4800,1.0000,Y
127,156,0,0.6667,0.6000,0.0000,0.6667,0.6000,0.0000,Y
127,156,1,0.6000,0.4800,1.0000,0.6000,0.4800,1.0000,Y
127,156,2,0.6667,0.6000,1.0000,0.6667,0.6000,1.0000,Y
128,158,0,0.6000,0.4800,0.0000,0.6000,0.4800,0.0000,Y
128,158,1,0.6667,0.6000,0.0000,0.6667,0.6000,0.0000,Y
128,158,2,0.6000,0.4800,1.0000,0.6000,0.4800,1.0000,Y
129,159,0,0.4667,0.3200,1.0000,0.4667,0.3200,1.0000,Y
129,159,1,0.6000,0.4800,0.0000,0.6000,0.4800,0.0000,Y
129,159,2,0.6667,0.6000,0.0000,0.6667,0.6000,0.0000,Y
130,162,0,0.5333,0.4000,0.0000,0.5333,0.4000,0.0000,Y
130,162,1,0.4667,0.3200,1.0000,0.4667,0.3200,1.0000,Y
130,162,2,0.6000,0.4800,0.0000,0.6000,0.4800,0.0000,Y
131,164,0,0.2667,0.0400,0.0000,0.2667,0.0400,0.0000,Y
131,164,1,0.5333,0.4000,0.0000,0.5333,0.4000,0.0000,Y
131,164,2,0.4667,0.3200,1.0000,0.4667,0.3200,1.0000,Y
132,165,0,0.2000,0.0000,1.0000,0.2000,0.0000,1.0000,Y
132,165,1,0.2667,0.0400,0.0000,0.2667,0.0400,0.0000,Y
132,165,2,0.5333,0.4000,0.0000,0.5333,0.4000,0.0000,Y
133,166,0,0.2667,0.0400,1.0000,0.2667,0.0400,1.0000,Y
133,166,1,0.2000,0.0000,1.0000,0.2000,0.0000,1.0000,Y
133,166,2,0.2667,0.0400,0.0000,0.2667,0.0400,0.0000,Y
134,167,0,0.4000,0.2000,1.0000,0.4000,0.2000,1.0000,Y
134,167,1,0.2667,0.0400,1.0000,0.2667,0.0400,1.0000,Y
134,167,2,0.2000,0.0000,1.0000,0.2000,0.0000,1.0000,Y
135,168,0,0.3333,0.1200,1.0000,0.3333,0.1200,1.0000,Y
135,168,1,0.4000,0.2000,1.0000,0.4000,0.2000,1.0000,Y
135,168,2,0.2667,0.0400,1.0000,0.2667,0.0400,1.0000,Y
136,169,0,0.4000,0.2000,1.0000,0.4000,0.2000,1.0000,Y
136,169,1,0.3333,0.1200,1.0000,0.3333,0.1200,1.0000,Y
136,169,2,0.4000,0.2000,1.0000,0.4000,0.2000,1.0000,Y
137,170,0,0.2667,0.0400,1.0000,0.2667,0.0400,1.0000,Y
137,170,1,0.4000,0.2000,1.0000,0.4000,0.2000,1.0000,Y
137,170,2,0.3333,0.1200,1.0000,0.3333,0.1200,1.0000,Y
138,171,0,0.4667,0.3200,1.0000,0.4667,0.3200,1.0000,Y
138,171,1,0.2667,0.0400,1.0000,0.2667,0.0400,1.0000,Y
138,171,2,0.4000,0.2000,1.0000,0.4000,0.2000,1.0000,Y
139,172,0,0.5333,0.4000,1.0000,0.5333,0.4000,1.0000,Y
139,172,1,0.4667,0.3200,1.0000,0.4667,0.3200,1.0000,Y
139,172,2,0.2667,0.0400,1.0000,0.2667,0.0400,1.0000,Y
140,173,0,0.6667,0.6000,1.0000,0.6667,0.6000,1.0000,Y
140,173,1,0.5333,0.4000,1.0000,0.5333,0.4000,1.0000,Y
140,173,2,0.4667,0.3200,1.0000,0.4667,0.3200,1.0000,Y
141,174,0,0.6000,0.4800,1.0000,0.6000,0.4800,1.0000,Y
141,174,1,0.6667,0.6000,1.0000,0.6667,0.6000,1.0000,Y
141,174,2,0.5333,0.4000,1.0000,0.5333,0.4000,1.0000,Y
142,175,0,0.8000,0.7600,1.0000,0.8000,0.7600,1.0000,Y
142,175,1,0.6000,0.4800,1.0000,0.6000,0.4800,1.0000,Y
142,175,2,0.6667,0.6000,1.0000,0.6667,0.6000,1.0000,Y
143,176,0,0.7333,0.6800,1.0000,0.7333,0.6800,1.0000,Y
143,176,1,0.8000,0.7600,1.0000,0.8000,0.7600,1.0000,Y
143,176,2,0.6000,0.4800,1.0000,0.6000,0.4800,1.0000,Y
144,178,0,0.7333,0.6800,0.0000,0.7333,0.6800,0.0000,Y
144,178,1,0.7333,0.6800,1.0000,0.7333,0.6800,1.0000,Y
144,178,2,0.8000,0.7600,1.0000,0.8000,0.7600,1.0000,Y
145,181,0,0.7333,0.6800,0.0000,0.7333,0.6800,0.0000,Y
145,181,1,0.7333,0.6800,0.0000,0.7333,0.6800,0.0000,Y
145,181,2,0.7333,0.6800,1.0000,0.7333,0.6800,1.0000,Y
146,182,0,0.4667,0.3200,1.0000,0.4667,0.3200,1.0000,Y
146,182,1,0.7333,0.6800,0.0000,0.7333,0.6800,0.0000,Y
146,182,2,0.7333,0.6800,0.0000,0.7333,0.6800,0.0000,Y
147,185,0,0.6667,0.6000,0.0000,0.6667,0.6000,0.0000,Y
147,185,1,0.4667,0.3200,1.0000,0.4667,0.3200,1.0000,Y
147,185,2,0.7333,0.6800,0.0000,0.7333,0.6800,0.0000,Y
148,186,0,0.4667,0.3200,1.0000,0.4667,0.3200,1.0000,Y
148,186,1,0.6667,0.6000,0.0000,0.6667,0.6000,0.0000,Y
148,186,2,0.4667,0.3200,1.0000,0.4667,0.3200,1.0000,Y
149,187,0,0.4667,0.3200,1.0000,0.4667,0.3200,1.0000,Y
149,187,1,0.4667,0.3200,1.0000,0.4667,0.3200,1.0000,Y
149,187,2,0.6667,0.6000,0.0000,0.6667,0.6000,0.0000,Y
150,188,0,0.4667,0.3200,1.0000,0.4667,0.3200,1.0000,Y
150,188,1,0.4667,0.3200,1.0000,0.4667,0.3200,1.0000,Y
150,188,2,0.4667,0.3200,1.0000,0.4667,0.3200,1.0000,Y
151,189,0,0.4667,0.3200,1.0000,0.4667,0.3200,1.0000,Y
151,189,1,0.4667,0.3200,1.0000,0.4667,0.3200,1.0000,Y
151,189,2,0.4667,0.3200,1.0000,0.4667,0.3200,1.0000,Y
152,190,0,0.6000,0.4800,1.0000,0.6000,0.4800,1.0000,Y
152,190,1,0.4667,0.3200,1.0000,0.4667,0.3200,1.0000,Y
152,190,2,0.4667,0.3200,1.0000,0.4667,0.3200,1.0000,Y
153,193,0,0.7333,0.6800,0.0000,0.7333,0.6800,0.0000,Y
153,193,1,0.6000,0.4800,1.0000,0.6000,0.4800,1.0000,Y
153,193,2,0.4667,0.3200,1.0000,0.4667,0.3200,1.0000,Y
154,194,0,0.3333,0.1200,1.0000,0.3333,0.1200,1.0000,Y
154,194,1,0.7333,0.6800,0.0000,0.7333,0.6800,0.0000,Y
154,194,2,0.6000,0.4800,1.0000,0.6000,0.4800,1.0000,Y
155,195,0,0.3333,0.1200,1.0000,0.3333,0.1200,1.0000,Y
155,195,1,0.3333,0.1200,1.0000,0.3333,0.1200,1.0000,Y
155,195,2,0.7333,0.6800,0.0000,0.7333,0.6800,0.0000,Y
156,196,0,0.5333,0.4000,1.0000,0.5333,0.4000,1.0000,Y
156,196,1,0.3333,0.1200,1.0000,0.3333,0.1200,1.0000,Y
156,196,2,0.3333,0.1200,1.0000,0.3333,0.1200,1.0000,Y
157,197,0,0.4667,0.3200,1.0000,0.4667,0.3200,1.0000,Y
157,197,1,0.5333,0.4000,1.0000,0.5333,0.4000,1.0000,Y
157,197,2,0.3333,0.1200,1.0000,0.3333,0.1200,1.0000,Y
158,199,0,0.6000,0.4800,0.0000,0.6000,0.4800,0.0000,Y
158,199,1,0.4667,0.3200,1.0000,0.4667,0.3200,1.0000,Y
158,199,2,0.5333,0.4000,1.0000,0.5333,0.4000,1.0000,Y
